prediction_0_for_long_1_for_short,target
0.98413545,1
0.723504,0
0.30390298,0
0.9930951,1
0.9367493,0
0.8999268,1
0.9855007,1
0.9067949,1
0.88935775,1
0.046442803,0
0.2694658,0
0.6244019,1
0.99540055,1
0.16843408,0
0.70298964,1
0.98975646,1
0.9502366,1
0.99628294,1
0.056404136,0
0.010430143,0
0.030024301,0
0.9191825,1
0.99574536,1
0.118750654,0
0.0061525195,0
0.15975544,0
0.017966555,0
0.9872104,1
0.0010885602,0
0.48500794,0
0.9865092,1
0.9547328,1
0.8080961,1
0.99008465,1
0.9899886,1
0.21752031,1
0.0013862856,0
0.89053166,1
0.009683588,0
0.9885618,1
0.7319851,1
0.99630964,1
0.06944911,0
0.0028496452,0
0.9953291,1
0.9844254,1
0.014738555,0
0.8230256,1
0.997517,1
0.13189285,0
0.9958855,1
0.047477946,0
0.990096,1
0.9995669,1
0.9735266,1
0.9976699,1
0.018563472,0
0.7976034,1
0.99571,1
0.35139728,0
0.94433326,0
0.08705464,0
0.09471957,0
0.54439247,1
0.37646842,0
0.9744708,1
0.49199492,0
0.9984647,1
0.0022239275,0
0.9967803,1
0.08507239,0
0.5205638,1
0.08975457,0
0.9982438,1
0.032117937,0
0.998926,1
0.026111195,0
0.041092448,0
0.3917989,0
0.025593514,0
0.90793765,1
0.9973509,1
0.9988281,1
0.06588092,0
0.00048012807,0
0.004395461,0
0.009201641,0
0.08405052,0
0.03676705,0
0.66210204,1
0.116953254,0
0.9994944,1
0.03912287,0
0.0067208176,0
0.36144337,1
0.0007370288,0
0.72120124,1
0.23855014,0
0.7087507,0
0.0031781257,0
0.004026341,0
0.06291851,0
0.0095398845,0
0.9136623,1
0.05616484,0
0.96340215,1
0.9155981,1
0.046132587,0
0.9573471,1
0.74041736,1
0.99191606,1
0.009207974,0
0.65565175,0
0.17011043,0
0.90380967,1
0.5535346,1
0.024636367,0
0.5356251,0
0.99559575,1
0.8306259,1
0.023842596,0
0.10005907,0
0.999467,1
0.9693574,1
0.0015128368,0
0.8641505,1
0.11049404,1
0.36713818,1
0.9786171,1
0.99505556,1
0.99934566,1
0.82268953,1
0.9012777,1
0.037958384,0
0.97184527,1
0.254878,0
0.9923005,1
0.4877049,1
0.5341251,1
0.012196333,0
0.0016697517,0
0.23563322,0
0.8027133,1
0.09659101,0
0.9988731,1
0.9991101,1
0.024467574,0
0.3399129,0
0.048251454,0
0.043564487,0
0.21700284,0
0.9344729,0
0.14477329,0
0.87207544,0
0.014799813,0
0.1668838,0
0.01970467,0
0.32821333,0
0.97692573,1
0.9865529,1
0.9937784,1
0.026661891,0
0.9977323,1
0.89984894,1
0.4265365,0
0.9718518,1
0.21951982,0
0.5392699,0
0.77565944,1
0.9932041,1
0.8817986,1
0.07105538,0
0.9924997,1
0.92704564,1
0.99701214,1
0.96535647,1
0.89719564,1
0.10135847,1
0.8353691,1
0.0059646834,0
0.9931672,1
0.99738187,1
0.8297884,1
0.13465886,0
0.9739293,1
0.9954608,1
0.82693803,0
0.30828288,1
0.5333681,1
0.89215976,0
0.029582616,0
0.9993483,1
0.12313072,0
0.9922823,1
0.8648466,0
0.99909323,1
0.9623071,1
0.009179905,0
0.9975432,1
0.8700576,1
0.0014827867,0
0.99924505,1
0.98326194,1
0.0021508306,0
0.0033949967,0
0.0073693967,0
0.9906293,1
0.8922316,1
0.033949025,1
0.98660326,1
0.04025161,0
0.59845555,1
0.0037869322,0
0.0059178756,0
0.025185356,0
0.9915141,1
0.008166408,0
0.99684733,1
0.9785687,1
0.030467179,0
0.5395161,1
0.55846924,1
0.2393208,0
0.0741607,0
0.87216204,1
0.9938812,1
0.9984517,1
0.8828492,1
0.10470492,0
0.14182864,0
0.8630716,1
0.99615824,1
0.10900655,0
0.90509903,1
0.21885109,1
0.9722625,1
0.038106076,0
0.006293402,0
0.83902186,1
0.9988117,1
0.35643554,1
0.9996441,1
0.98565185,1
0.0037769221,0
0.023836514,0
0.9902433,1
0.5744245,0
0.56038797,0
0.56740886,0
0.9652915,1
0.75746226,1
0.69786817,1
0.9995715,1
0.021251682,0
0.9127327,1
0.0045512505,0
0.032258704,0
0.02107757,0
0.21567936,1
0.093544185,0
0.0024426337,0
0.9912772,1
0.99817085,1
0.9964427,1
0.23510945,0
0.0011731258,0
0.27619925,0
0.9557353,1
0.12302133,0
0.9956535,1
0.9979873,1
0.7859267,1
0.22266296,1
0.9448539,1
0.9924671,1
0.32173133,1
0.9191047,1
0.97576535,1
0.40688843,0
0.9762308,1
0.8611568,0
0.99667466,1
0.99929774,1
0.06178382,0
0.033480264,0
0.013304682,0
0.011642888,0
0.0039115613,0
0.5067845,1
0.50176245,1
0.54456985,0
0.20751385,0
0.05360537,0
0.9752431,1
0.98755586,1
0.9017581,1
0.9752905,1
0.77916783,0
0.052011363,0
0.5509635,1
0.88644964,1
0.8701378,1
0.82625425,1
0.0113955885,0
0.954758,1
0.9150348,1
0.027371824,0
0.019519987,0
0.03487254,0
0.99939233,1
0.73674333,1
0.854102,1
0.012608632,0
0.014020721,0
0.025999943,0
0.007031963,0
0.19382453,0
0.9770133,1
0.5211848,0
0.0007428932,0
0.2709053,1
0.9926249,1
0.8384048,0
0.0787172,0
0.01773846,0
0.0142249735,0
0.05739647,0
0.9974105,1
0.9558257,1
0.928045,1
0.3101209,0
0.9992159,1
0.17762914,0
0.01117587,0
0.19531043,0
0.3610158,1
0.22412384,0
0.98951846,1
0.07468681,0
0.046380673,0
0.95749205,1
0.61194533,0
0.96857786,1
0.81720227,0
0.0041657635,0
0.8482901,0
0.97649115,1
0.7918231,1
0.99491817,1
0.5507138,0
0.003564744,0
0.9986211,1
0.01070515,0
0.97188646,1
0.9205953,1
0.038114678,0
0.8956803,1
0.4017709,0
0.0034152255,0
0.99671555,1
0.9498908,1
0.41418386,0
0.3367449,0
0.9597019,1
0.99331486,1
0.38256645,0
0.4054019,1
0.016909935,0
0.98534524,1
0.8286065,1
0.9855278,1
0.017939761,0
0.6601231,1
0.98982656,1
0.98698205,1
0.51638645,0
0.0028856106,0
0.9976347,1
0.3268441,0
0.99598014,1
0.9968611,1
0.008670779,0
0.9696766,1
0.98946905,1
0.84274435,0
0.96812665,1
0.43792138,0
0.42890224,1
0.9370965,1
0.9967452,1
0.035714783,0
0.17510028,0
0.13607858,0
0.07220153,0
0.8583616,1
0.9117693,1
0.57107043,1
0.9931318,1
0.961988,1
0.80544585,0
0.13399437,0
0.9946581,1
0.96045005,1
0.99738854,1
0.71167386,0
0.5629989,0
0.0028554122,0
0.97046864,1
0.8737806,1
0.998847,1
0.89220476,1
0.99796945,1
0.0035464275,0
0.9931122,1
0.6435262,0
0.16117437,0
0.98081857,1
0.995433,1
0.9742567,1
0.93446434,1
0.03028641,0
0.0070015667,0
0.9207109,1
0.99619496,1
0.017941257,0
0.98184025,1
0.9938742,1
0.99589527,1
0.9399415,1
0.04381152,1
0.04233677,0
0.9992212,1
0.5048739,0
0.99833727,1
0.99841326,1
0.7954106,1
0.86194575,1
0.19103272,0
0.20417993,0
0.99472284,1
0.9906174,1
0.9731628,1
0.94292164,1
0.0055445926,0
0.018260876,0
0.06169368,0
0.04500971,0
0.019912302,0
0.99914455,1
0.99440163,1
0.2722043,0
0.62461007,1
0.6914392,1
0.96091765,1
0.006506174,0
0.9260885,1
0.9762419,1
0.6643944,0
0.9812182,1
0.011899571,0
0.08050646,0
0.047764167,0
0.12140374,0
0.98040736,1
0.010204796,0
0.970786,1
0.9260809,1
0.20298581,0
0.89061224,1
0.002618397,0
0.9944209,1
0.9821165,1
0.26099604,0
0.3680646,0
0.9987685,1
0.8780345,1
0.0034814538,0
0.9948433,1
0.8986704,1
0.8524392,0
0.9453827,1
0.73397875,0
0.051221054,0
0.9973586,1
0.44245285,0
0.967882,1
0.36785474,1
0.028122455,0
0.14065273,0
0.002746355,0
0.9867563,1
0.9574865,1
0.751307,0
0.90869296,1
0.2615525,0
0.87122744,0
0.72176,1
0.99110806,1
0.09428492,0
0.9189582,1
0.9745644,1
0.0015189109,0
0.024021816,0
0.006991516,0
0.015671605,0
0.8100645,1
0.41773993,0
0.9696972,1
0.22258091,1
0.005951887,0
0.0014618649,0
0.36185867,0
0.31733373,1
0.003227492,0
0.9967759,1
0.8107928,1
0.03979228,0
0.009894901,0
0.71830213,1
0.21622005,0
0.9973736,1
0.8546031,1
0.9652659,1
0.034961447,0
0.9963862,1
0.071784124,0
0.99891746,1
0.78594655,1
0.9890253,1
0.014854777,0
0.32062894,0
0.9656574,1
0.08331845,0
0.9711709,1
0.98527396,1
0.8166629,0
0.05594466,0
0.9973978,1
0.96863115,1
0.72494656,1
0.07386766,0
0.008175995,0
0.99445057,1
0.029349163,0
0.004926076,0
0.9104021,1
0.84388816,1
0.024588231,0
0.020168986,0
0.46851102,1
0.06984547,0
0.9709522,1
0.85422575,1
0.066207,0
0.047437012,0
0.01258072,0
0.9901841,1
0.30700973,0
0.9121648,1
0.92975646,1
0.99828184,1
0.05386167,0
0.42429265,0
0.98650134,1
0.44682273,0
0.8112427,1
0.26712108,1
0.98354834,1
0.0106139695,0
0.9989031,1
0.94108474,1
0.12022714,0
0.94874746,1
0.8844327,1
0.0028273962,0
0.0010490663,0
0.99476606,1
0.7370067,1
0.95654285,0
0.9964396,1
0.9802989,1
0.99553764,0
0.9944123,1
0.99489534,1
0.9946219,1
0.9841016,1
0.99403363,1
0.021912256,0
0.9994782,1
0.99501383,1
0.77948695,1
0.9881384,1
0.1155812,1
0.98857653,1
0.76320577,1
0.7192788,1
0.89740926,1
0.98353416,0
0.90819275,1
0.99444455,1
0.7229895,1
0.9612821,0
0.001997381,0
0.03054398,0
0.42289057,1
0.36640462,1
0.749244,1
0.08950672,0
0.63563156,0
0.99751365,1
0.859228,1
0.91209066,1
0.4550024,0
0.91055775,1
0.20130071,1
0.8699152,1
0.48346147,0
0.97420204,1
0.8819359,1
0.88314265,1
0.0039864522,0
0.9868798,1
0.9397434,1
0.9629245,1
0.00965815,0
0.04842169,1
0.9630002,1
0.99348974,1
0.98287565,1
0.15828937,0
0.99858683,1
0.9659165,1
0.9989253,1
0.8647413,1
0.06105678,0
0.0033641947,0
0.8138479,1
0.25034335,1
0.9816538,1
0.90432656,1
0.9884898,1
0.99827826,1
0.9307246,1
0.71760815,0
0.9981515,1
0.00726297,0
0.029059103,0
0.0025361378,0
0.918207,1
0.14429206,0
0.7743992,1
0.021052195,0
0.9494647,1
0.82608163,1
0.9985508,1
0.825609,1
0.99374515,1
0.9681452,1
0.005577751,0
0.00068015204,0
0.0043945117,0
0.43670687,0
0.06303151,0
0.9599556,1
0.9967662,1
0.99679595,1
0.05312992,0
0.6914361,1
0.971598,1
0.28753906,1
0.077552065,0
0.9925107,1
0.67581505,0
0.7391861,1
0.5674947,1
0.99006855,1
0.23714283,0
0.871311,1
0.9740882,1
0.03770691,0
0.9595438,0
0.48602572,0
0.061119456,1
0.999228,1
0.050144576,0
0.9048134,1
0.9866541,1
0.1544299,0
0.16027124,0
0.04504273,0
0.25248423,0
0.2548248,0
0.02352322,0
0.9845389,1
0.18964843,0
0.019141067,0
0.99470365,1
0.007195334,0
0.21237917,0
0.043023743,1
0.07399232,0
0.75952905,0
0.98729813,1
0.9914076,1
0.20171502,0
0.07948891,0
0.017952856,0
0.40982133,1
0.003130595,0
0.0184607,1
0.030790169,0
0.008782354,0
0.0017420703,0
0.3007948,0
0.98494244,1
0.03974535,0
0.9991368,1
0.78244245,0
0.9885198,1
0.0025590323,0
0.94358575,1
0.7016457,1
0.974157,1
0.000382107,0
0.99618834,1
0.97947866,1
0.002354645,0
0.10515231,0
0.37437817,1
0.92498237,1
0.22107378,0
0.027119998,0
0.8655907,0
0.99666816,1
0.92300355,1
0.9996048,1
0.009157145,0
0.7129776,1
0.72570765,1
0.99829704,1
0.7430944,1
0.658158,1
0.40515274,1
0.004766759,0
0.091826186,0
0.66962385,1
0.54169405,0
0.9905343,1
0.0018711159,0
0.9977911,1
0.9428684,1
0.024300698,0
0.8890997,1
0.0011307693,0
0.015000652,0
0.6722071,1
0.30171153,0
0.5613755,1
0.081651546,0
0.042795748,0
0.99772245,1
0.6147413,0
0.7703449,1
0.38028058,0
0.9670806,1
0.9589306,1
0.29547533,1
0.8493825,1
0.935658,1
0.99282944,1
0.69228554,1
0.032101285,0
0.9924966,1
0.99615127,1
0.8538389,1
0.004473567,0
0.56664324,1
0.9831524,1
0.7178023,1
0.07751612,0
0.16796966,0
0.9139453,1
0.008539577,0
0.06473436,0
0.9931961,1
0.014331937,0
0.99870795,1
0.87681305,1
0.5722427,0
0.019704234,0
0.024255928,0
0.9412378,1
0.0030453107,0
0.9253996,1
0.6556906,1
0.9888679,1
0.74593985,0
0.87514603,1
0.01579627,0
0.66375524,1
0.7828541,1
0.46580738,0
0.9613525,1
0.839589,1
0.9874891,1
0.0028342702,0
0.9904971,1
0.9697593,1
0.48036247,0
0.9987876,1
0.0022589916,0
0.024567401,0
0.23532686,0
0.9960662,1
0.015753597,0
0.024878882,0
0.9982686,1
0.9824746,1
0.012919617,0
0.8981969,1
0.10516989,0
0.045719832,0
0.999555,1
0.019126393,0
0.98238915,1
0.0021415183,0
0.12075628,0
0.043508314,0
0.70511264,1
0.9685968,1
0.9856125,1
0.89755934,1
0.99834967,1
0.115557656,0
0.9810318,0
0.9964813,1
0.26373857,0
0.2781935,1
0.0036609317,0
0.46170598,0
0.005174376,0
0.9988414,1
0.96972597,1
0.97211266,1
0.8721073,1
0.9818655,1
0.035208214,0
0.21032432,0
0.74517864,1
0.08409668,0
0.03981909,0
0.0065569803,0
0.9986208,1
0.0023085284,0
0.9762708,1
0.07364089,0
0.99833375,1
0.20116241,0
0.19362043,0
0.0046636327,0
0.98915684,1
0.9816,1
0.6406704,0
0.70496416,0
0.21660943,0
0.14924072,0
0.9802426,1
0.9758754,1
0.98169965,1
0.018574929,0
0.37861454,1
0.0057380106,0
0.9814583,1
0.024703681,0
0.60815495,1
0.9310279,1
0.9952938,1
0.4751629,0
0.010559094,0
0.7134886,0
0.28264028,0
0.97332513,1
0.010815005,0
0.99829733,1
0.96531695,1
0.005829287,1
0.98991853,1
0.0065680603,0
0.06604991,0
0.107997835,0
0.95876443,1
0.99470645,1
0.9962619,1
0.9981718,1
0.020725338,0
0.0010545865,0
0.04611049,0
0.99137104,1
0.98616886,1
0.9539765,1
0.0019886731,0
0.0039711436,0
0.9983902,1
0.0067240014,0
0.013141367,0
0.927604,1
0.45103225,1
0.97822034,1
0.12874885,0
0.98509294,1
0.00042463111,0
0.9265286,1
0.9926159,1
0.05512747,0
0.00319502,0
0.99212235,1
0.9515278,1
0.75347525,1
0.43612227,0
0.89966184,1
0.99423397,1
0.99396056,1
0.091832474,0
0.98752326,1
0.9135815,1
0.7203463,0
0.0128994975,0
0.9911925,1
0.78477895,1
0.02138883,0
0.030453872,0
0.9970008,1
0.9950595,1
0.05358421,0
0.010498925,0
0.8859126,1
0.9982048,1
0.0027040294,0
0.028641876,0
0.9981657,1
0.0061351755,0
0.9983102,1
0.9944056,1
0.36104843,0
0.99552095,1
0.93178624,0
0.9933837,1
0.011859003,0
0.99861777,1
0.004976255,0
0.016078249,0
0.91773975,1
0.856386,1
0.99897635,0
0.9966666,1
0.28632048,1
0.017862244,0
0.98048353,1
0.049923398,0
0.040743623,0
0.9910549,1
0.727207,1
0.6688502,0
0.09993238,0
0.22659917,0
0.99352664,1
0.7166692,0
0.7138793,1
0.52603424,0
0.5746623,1
0.9980906,1
0.081276946,0
0.29488367,0
0.41230398,0
0.009840718,0
0.9880999,1
0.9407172,1
0.47344834,0
0.051561557,0
0.7592714,1
0.2529471,0
0.16522114,0
0.14610898,0
0.10493646,0
0.98294973,1
0.10732856,0
0.22143038,0
0.00046764463,0
0.9546666,1
0.017041251,0
0.23305902,0
0.02848601,0
0.30500212,1
0.4201046,0
0.012284101,0
0.96247596,0
0.97799855,1
0.0052830675,0
0.12446509,0
0.0953096,0
0.6493344,1
0.01683021,1
0.99805814,1
0.06657001,0
0.14805523,0
0.97999465,1
0.9116991,1
0.06266142,0
0.48134524,1
0.92096186,1
0.99866164,1
0.80351466,1
0.9816011,1
0.9424408,1
0.37525037,0
0.64478916,1
0.9991749,1
0.8956507,1
0.012252477,0
0.54461354,1
0.9986181,1
0.007777949,0
0.16439845,0
0.9944003,1
0.5369181,1
0.38793325,1
0.9954983,1
0.8288951,1
0.97537786,1
0.041888535,0
0.6618064,1
0.92828685,1
0.0032926176,0
0.032763004,0
0.99971855,1
0.9608079,1
0.9932071,1
0.9352449,1
0.0036627024,0
0.035846822,0
0.9886712,1
0.055989914,0
0.006031358,0
0.83688927,1
0.27175596,0
0.7610511,0
0.018590657,0
0.96532714,1
0.97024786,1
0.07543104,0
0.005490894,0
0.087023646,0
0.9982501,1
0.33458322,1
0.011671995,0
0.012382327,0
0.9605273,1
0.026030699,0
0.9927489,1
0.9490403,1
0.0060679787,0
0.39008552,0
0.9804112,1
0.12830809,0
0.61537343,1
0.7437926,1
0.13475734,0
0.29088822,0
0.9834115,1
0.32683107,0
0.80734,1
0.01544852,0
0.7585487,1
0.114180826,0
0.99123573,1
0.016888814,0
0.99434006,1
0.9916871,1
0.03891851,0
0.78822935,0
0.28811947,0
0.2671362,0
0.7899855,1
0.99358433,1
0.8998176,1
0.9734334,1
0.79271513,0
0.9915597,1
0.5106717,0
0.064829335,0
0.904256,1
0.7815095,1
0.8264713,0
0.23962626,0
0.9918601,1
0.5993046,0
0.022617482,0
0.028752398,0
0.68289584,1
0.014362788,0
0.75267184,1
0.007770217,0
0.46120748,0
0.6642244,1
0.96661794,1
0.0063827634,0
0.34996969,0
0.98077357,1
0.9782988,1
0.008840513,0
0.99621904,1
0.060581185,0
0.9513276,1
0.9767383,1
0.9817885,1
0.9954568,1
0.97646683,1
0.13021684,0
0.984959,1
0.02668244,0
0.9978083,1
0.95410264,1
0.461172,1
0.9752261,1
0.99342,1
0.94676477,1
0.9942473,1
0.99981177,1
0.4704048,0
0.16590568,0
0.047641475,0
0.001699744,0
0.10375367,0
0.5055624,1
0.998565,1
0.898612,1
0.0071411557,0
0.1115336,0
0.9001085,1
0.2108355,0
0.017788587,0
0.8889063,1
0.94882697,1
0.39450786,0
0.7710464,0
0.003918222,0
0.63377166,1
0.9972537,1
0.9231421,1
0.16506685,0
0.992334,1
0.99969214,1
0.77673995,1
0.0059528262,0
0.9491976,1
0.61047935,0
0.9746469,1
0.0009185107,0
0.99485385,1
0.9981791,1
0.0028534296,0
0.52538085,0
0.90740126,1
0.9512884,1
0.96959764,1
0.99890375,1
0.9975362,1
0.013474752,0
0.4192787,0
0.985989,1
0.99871206,1
0.016929828,1
0.98503745,1
0.89025956,1
0.76038647,0
0.5685864,1
0.3692337,0
0.8923391,1
0.7851505,1
0.007408521,0
0.99753475,1
0.8682043,1
0.80166423,1
0.9958128,1
0.997285,1
0.008502338,0
0.00064826454,0
0.9528888,1
0.30136624,0
0.23454192,0
0.0010526744,0
0.8801851,1
0.95083237,1
0.013502036,0
0.28161478,0
0.009817945,0
0.9990115,1
0.007626181,0
0.22190046,0
0.9702363,1
0.9423975,1
0.968819,1
0.019441262,0
0.9197923,1
0.12097905,0
0.9973537,1
0.9936875,1
0.9928706,1
0.79684025,1
0.9872365,1
0.6320563,1
0.00063615694,0
0.59145755,1
0.0019744497,0
0.39673924,0
0.98950595,1
0.94327754,1
0.0067773,0
0.9243444,1
0.03432477,0
0.973261,1
0.9760173,1
0.7396851,1
0.026001701,0
0.0043003415,0
0.0042971023,0
0.9230936,1
0.9689811,1
0.9256209,1
0.6943056,1
0.9996487,1
0.99485445,1
0.98636115,1
0.84110224,0
0.7288484,1
0.047680035,0
0.9875674,1
0.0045174565,0
0.30279234,0
0.99494684,1
0.014956249,0
0.0059376317,0
0.9915964,1
0.7678046,1
0.72629684,1
0.0183292,0
0.84546393,1
0.9634592,1
0.9750724,1
0.096900634,0
0.9977233,1
0.96492827,1
0.079579726,0
0.0016471518,0
0.11194353,1
0.025267344,0
0.014261769,0
0.9837241,1
0.040254362,0
0.92874223,1
0.9963294,1
0.89500797,1
0.8835703,1
0.007505915,0
0.009516636,0
0.5653216,0
0.846186,1
0.9960601,1
0.9985434,1
0.7258758,1
0.9498087,1
0.007813534,0
0.9991258,1
0.89631397,1
0.9309346,1
0.20819172,0
0.9187411,1
0.9817964,1
0.9851324,1
0.96193016,1
0.70936507,1
0.9522556,1
0.6881753,1
0.998639,1
0.12274967,0
0.6053847,1
0.94855773,1
0.63511187,1
0.9140893,1
0.5277497,0
0.6184398,0
0.49983382,0
0.8826416,0
0.98069143,1
0.98550445,1
0.9874531,1
0.9611017,1
0.009443169,0
0.0026731675,0
0.8737513,1
0.10385915,1
0.09149223,0
0.71281534,1
0.9287392,1
0.0137241725,0
0.96042556,0
0.0063648433,0
0.4112423,0
0.054095365,0
0.01605452,0
0.9197699,1
0.9469145,1
0.9087269,1
0.9579975,1
0.008494219,0
0.64997494,1
0.044969596,0
0.9326688,1
0.91329,1
0.9826676,1
0.90734494,1
0.17094949,0
0.2647168,0
0.13609602,0
0.17352557,1
0.12375903,0
0.003250507,0
0.0065459656,0
0.9926163,1
0.4129416,0
0.8643667,1
0.057778597,0
0.007025634,0
0.92226106,1
0.05619061,0
0.16044402,0
0.9996317,1
0.00823343,0
0.10761573,0
0.92299575,1
0.9300706,1
0.3224259,0
0.9472836,1
0.89894426,1
0.007869258,0
0.91669047,1
0.59198713,1
0.35891688,0
0.25007793,1
0.004123491,0
0.80866116,1
0.42053062,0
0.81129706,1
0.21282375,1
0.9970498,1
0.032182112,0
0.20723398,1
0.9903232,1
0.00177941,0
0.9304134,1
0.001764751,0
0.7768737,0
0.80644214,1
0.9554976,0
0.993687,1
0.0014349895,0
0.6961114,1
0.08370142,0
0.016154237,0
0.0009362387,0
0.076997906,0
0.8303038,1
0.86050224,1
0.46573776,1
0.4126268,0
0.9976821,1
0.07574846,1
0.001549537,0
0.025049005,0
0.07318544,0
0.51139617,1
0.22854786,0
0.581268,1
0.20183155,0
0.9390467,1
0.0804364,0
0.024082009,0
0.13120598,0
0.9595498,1
0.0034868207,0
0.21782935,0
0.28103223,0
0.922744,1
0.056124188,1
0.94578993,1
0.6363309,0
0.0031631228,0
0.006610957,0
0.99763167,1
0.1279284,0
0.4088284,0
0.9620803,1
0.006532193,0
0.29817197,1
0.81020963,0
0.89246786,1
0.9946148,1
0.1420454,1
0.14127125,0
0.06425362,1
0.68955046,0
0.0037083272,0
0.927931,1
0.81274474,1
0.02808449,0
0.99095774,1
0.0016938781,0
0.2409223,0
0.98807985,1
0.9726685,1
0.0035441904,0
0.98555386,1
0.004455123,0
0.019957516,0
0.3627547,0
0.007752529,0
0.12141474,0
0.8081697,1
0.028092828,0
0.9374569,1
0.02496713,0
0.9664524,1
0.07255975,0
0.9952388,1
0.04900697,0
0.65918726,1
0.003774219,0
0.24421354,0
0.9640886,1
0.997488,1
0.007568307,0
0.012003414,0
0.34851816,0
0.9563843,1
0.93793356,1
0.9017908,1
0.5941119,0
0.965361,1
0.98748505,1
0.011389106,0
0.50988626,0
0.9439925,1
0.8626939,0
0.033185583,0
0.004884126,0
0.008015565,0
0.2870197,0
0.86212575,1
0.9326395,1
0.99109876,1
0.022098068,0
0.9764427,1
0.012600163,0
0.6737582,1
0.9989966,1
0.09733881,0
0.0023443946,0
0.9455864,1
0.9916232,1
0.96782315,1
0.92616594,0
0.025463128,0
0.92180765,1
0.11119566,0
0.66043204,0
0.16566911,1
0.16883779,1
0.89863956,1
0.90973556,1
0.003129641,0
0.97612363,1
0.54334444,1
0.8471322,1
0.9669751,1
0.96387225,1
0.06269596,0
0.8177818,1
0.6990711,1
0.12943287,1
0.0054492285,0
0.9962808,1
0.9945029,1
0.03508045,0
0.042230207,0
0.13756257,0
0.729582,0
0.9831592,1
0.024732945,0
0.76051325,1
0.4371242,1
0.9937011,1
0.9919044,1
0.99370515,1
0.9359522,0
0.9619638,1
0.97560966,1
0.9638983,1
0.8133581,1
0.9791439,1
0.99470454,1
0.998,1
0.0050243028,0
0.042090047,1
0.97578967,1
0.9992255,1
0.98555106,1
0.9982127,1
0.9988472,1
0.22626701,0
0.0023561083,0
0.012578884,0
0.68162084,1
0.33696583,1
0.017818805,0
0.3433669,0
0.0008387879,0
0.8787214,0
0.8055876,1
0.29832882,1
0.98815,1
0.9893486,1
0.9974619,1
0.0022762616,0
0.9974927,1
0.13409588,0
0.9988841,1
0.9995033,1
0.28358334,0
0.92695683,0
0.86383903,1
0.49579638,1
0.0051715374,0
0.0053922907,0
0.8794389,1
0.95838034,1
0.9624535,1
0.9502536,1
0.99689215,1
0.20714264,1
0.98743105,1
0.034761928,0
0.96211874,1
0.93088496,1
0.9444294,1
0.00543879,0
0.88646346,1
0.9741071,1
0.6957682,1
0.013622354,0
0.09061504,0
0.0033970836,0
0.86643684,0
0.01633186,0
0.99704826,1
0.064849645,0
0.07655062,1
0.99753493,1
0.9092115,1
0.9020481,1
0.06296595,1
0.12966242,0
0.007201941,0
0.008343331,0
0.27372554,0
0.94769096,1
0.9974419,1
0.98915595,1
0.08118231,0
0.0046967873,0
0.8230988,1
0.99274606,1
0.24667528,0
0.4591852,0
0.9944108,1
0.8588821,1
0.9838225,1
0.016321154,0
0.03128947,0
0.019135848,0
0.9691559,0
0.27640313,0
0.047538675,0
0.4528746,1
0.9890033,1
0.99647933,1
0.99611217,1
0.5986828,1
0.20131354,1
0.37829736,0
0.99947816,1
0.010767666,0
0.38275337,0
0.0037345742,0
0.20017596,0
0.94880086,1
0.96758157,1
0.014007446,0
0.47875756,0
0.96926653,1
0.986166,1
0.010301258,0
0.9965932,1
0.98662364,1
0.8069022,1
0.97161925,1
0.8912593,1
0.9987361,1
0.7585432,0
0.4657237,0
0.99758494,1
0.9988874,1
0.99540985,1
0.0136592,0
0.0020706276,0
0.03086115,0
0.9996227,1
0.16843566,0
0.90517443,1
0.9949875,1
0.0051097544,0
0.9658903,1
0.99879587,1
0.64404786,0
0.11413561,0
0.7555241,1
0.6631296,1
0.98229057,1
0.05759892,0
0.9733964,1
0.9571978,1
0.99828607,1
0.09301872,0
0.81699294,1
0.9991916,1
0.024566688,1
0.6536086,0
0.97506034,1
0.010324244,0
0.001709621,0
0.8469714,1
0.80127966,1
0.20508632,0
0.025469447,0
0.97978485,1
0.97717416,1
0.0094621545,0
0.51582664,1
0.021613002,0
0.969741,1
0.96554595,1
0.17345865,1
0.8242022,1
0.0071048834,0
0.8389679,1
0.003087478,0
0.007778678,0
0.89424354,1
0.936837,1
0.7730129,1
0.7534799,0
0.03798075,0
0.0014920734,0
0.98936254,1
0.9697546,1
0.87071574,1
0.9986712,1
0.9935797,1
0.17428225,0
0.8709032,1
0.015917113,0
0.052939583,0
0.88896,1
0.9627388,1
0.998875,1
0.992037,1
0.9831214,1
0.117101416,1
0.93003047,1
0.8687545,1
0.017601866,0
0.022641057,0
0.5057603,0
0.29564592,0
0.08057219,1
0.90966046,1
0.005830923,0
0.4932572,0
0.6139917,0
0.99536514,1
0.9988555,1
0.11001489,0
0.069056645,0
0.97406137,1
0.9031113,1
0.9272605,1
0.9729719,1
0.9523141,1
0.47284132,1
0.0033048778,0
0.020473726,0
0.9310295,1
0.9888565,1
0.99099064,1
0.010515379,0
0.0037058599,0
0.18425594,0
0.46341005,1
0.10196449,0
0.0055147633,0
0.055833586,0
0.9937774,1
0.0018969706,0
0.29800704,0
0.9667385,1
0.9977806,1
0.97311175,1
0.24399965,0
0.008343917,0
0.986791,1
0.0008639678,0
0.9951805,1
0.9963027,1
0.41076136,1
0.851783,1
0.6572927,1
0.8450028,1
0.9958147,1
0.97038585,1
0.0055067507,0
0.07976038,0
0.9989461,1
0.98102254,1
0.011495973,0
0.51302737,1
0.119136594,0
0.050530363,0
0.968217,1
0.0036487528,0
0.99242324,0
0.9827293,1
0.9446036,1
0.096446894,1
0.92018974,1
0.9993594,1
0.99522036,1
0.9937824,1
0.98613757,1
0.00691289,0
0.9988872,1
0.36169162,1
0.08534415,0
0.024801932,0
0.9314376,1
0.7546719,1
0.9610836,1
0.019584527,0
0.0011152565,0
0.997054,1
0.89208585,1
0.32945332,1
0.92896736,1
0.9964935,1
0.017749596,0
0.017987903,0
0.12221191,0
0.0019716364,0
0.0044347355,0
0.9912793,1
0.07263624,0
0.06150364,0
0.9848008,1
0.7742572,0
0.9935339,1
0.05297146,0
0.9865433,1
0.018708514,0
0.01022793,0
0.8226937,1
0.27475247,1
0.9452218,1
0.9213665,1
0.0022205876,0
0.99763346,1
0.9963142,1
0.99748373,1
0.94653046,1
0.9972743,1
0.81056607,1
0.97365016,1
0.013269973,0
0.24785581,0
0.018563827,0
0.40676102,0
0.99386156,1
0.09089429,0
0.004143024,0
0.17680675,0
0.049526427,0
0.004238332,0
0.9881927,1
0.0187207,0
0.994602,1
0.9971932,1
0.14432997,1
0.28202868,0
0.06718763,0
0.041319437,0
0.8374732,1
0.08372043,0
0.4081026,1
0.96421736,1
0.012933341,0
0.6715204,1
0.6428936,1
0.024687951,0
0.0058522904,0
0.9759202,1
0.91712105,1
0.91646683,1
0.30143148,1
0.7239236,0
0.12665312,0
0.1279391,0
0.7176852,1
0.041871928,0
0.14581041,0
0.05560732,0
0.07062786,0
0.9523388,1
0.37206456,1
0.990373,1
0.32619795,1
0.036126576,0
0.45607767,0
0.02597169,0
0.98811924,1
0.8384307,0
0.0009874499,0
0.99889547,1
0.5542905,0
0.79698235,1
0.011383717,0
0.99658644,1
0.0012909183,0
0.029803943,0
0.006253322,0
0.66797733,0
0.81751937,0
0.034490272,0
0.019453613,0
0.06932208,0
0.995715,1
0.9950792,1
0.9896577,1
0.96183795,1
0.53645056,1
0.98242533,1
0.350703,0
0.8820926,1
0.78571457,0
0.8670068,1
0.99292916,1
0.13889962,0
0.9723775,1
0.9992321,1
0.004702794,0
0.6423638,1
0.1526319,0
0.99063075,1
0.71872914,1
0.0041984306,0
0.005872402,0
0.966529,1
0.26127496,0
0.001078676,0
0.0023592801,0
0.9814464,1
0.94917536,1
0.14038178,0
0.13756752,0
0.12037994,0
0.66299546,0
0.2603504,0
0.00881357,0
0.0059297504,0
0.76191664,1
0.46331054,0
0.5410879,1
0.0067411414,0
0.2654625,0
0.9985135,1
0.9794072,1
0.00419629,0
0.960482,1
0.08277086,0
0.04672379,0
0.015496306,0
0.04788334,1
0.99814147,1
0.9946386,1
0.18056235,0
0.8161129,1
0.23396666,0
0.962156,1
0.12747464,0
0.006804847,1
0.59111285,0
0.95782393,1
0.99642146,1
0.99762326,1
0.9930749,1
0.9726361,1
0.022497006,0
0.9991764,1
0.001807492,0
0.9925672,1
0.9990207,1
0.046342913,0
0.5273743,0
0.9996449,1
0.056119464,0
0.8204668,1
0.041002233,0
0.9620048,1
0.11709292,0
0.09764539,0
0.43450278,0
0.88325536,1
0.8705536,0
0.17374986,1
0.99727124,1
0.6070096,0
0.024276966,0
0.8950632,1
0.9943098,1
0.99880636,1
0.0044520875,0
0.2551393,1
0.03627591,0
0.225938,0
0.09721528,0
0.9965714,1
0.9982487,1
0.9967898,1
0.9758059,1
0.88042814,1
0.43958312,0
0.0017373,0
0.9541484,1
0.9978058,1
0.9948827,1
0.32209498,1
0.998505,1
0.2292229,0
0.008583282,0
0.504615,1
0.8985947,1
0.85958195,0
0.24123824,0
0.9159478,1
0.3609053,1
0.9863062,1
0.9906214,1
0.0017059142,0
0.9397914,1
0.9994467,1
0.99228275,1
0.9991986,1
0.9049045,1
0.44068947,1
0.025140252,0
0.98910826,1
0.9313132,1
0.9968432,1
0.3953998,0
0.017317217,0
0.9976284,1
0.95441073,1
0.06693011,0
0.19321527,0
0.8372146,1
0.29372627,1
0.82084906,1
0.8749062,1
0.0018062716,0
0.08614739,0
0.9200552,1
0.95087814,1
0.99454147,1
0.9983307,1
0.9652584,1
0.99360645,1
0.9965414,1
0.5971773,0
0.8985876,1
0.9987463,1
0.9984937,1
0.9603771,1
0.7440993,1
0.0018769,0
0.98425615,1
0.975622,1
0.009352541,0
0.9984623,1
0.99807006,1
0.97914237,1
0.84898204,1
0.9942417,1
0.6294772,1
0.97985,1
0.0177388,0
0.54943395,0
0.14630854,0
0.9521762,1
0.9933548,1
0.9863156,1
0.82403886,1
0.013602902,0
0.99385244,1
0.9975623,1
0.9961866,1
0.9911273,1
0.49740997,0
0.07864067,0
0.4345386,0
0.99361026,1
0.1507825,0
0.8360094,1
0.8762368,1
0.010624019,0
0.74992514,1
0.9990004,1
0.9783002,1
0.015422423,0
0.057527564,0
0.51969945,0
0.89371765,1
0.7858287,1
0.9087459,1
0.14929736,1
0.9845093,1
0.9978391,1
0.9904355,1
0.98298013,1
0.75434905,0
0.9873737,1
0.86582834,1
0.635636,1
0.7976751,1
0.24345544,0
0.94944525,1
0.35486355,1
0.9503137,1
0.36122325,0
0.9947246,1
0.011789381,0
0.11494605,1
0.11348903,0
0.0036033257,0
0.9452955,1
0.048174057,0
0.024575075,0
0.9580943,1
0.031072076,0
0.0033339493,0
0.31839645,0
0.9983703,1
0.42369428,0
0.99891603,1
0.9261502,1
0.015964905,0
0.08218618,0
0.054004807,0
0.0077903373,0
0.00046067877,0
0.016380921,0
0.16631925,0
0.99681985,1
0.013678543,1
0.4156192,0
0.94433033,1
0.84448975,1
0.99691916,1
0.8860477,1
0.006135603,0
0.9858705,1
0.7878821,1
0.94883025,1
0.7181495,1
0.0113500925,0
0.72884387,1
0.45257682,1
0.51061416,0
0.0037893471,0
0.5927628,1
0.10330453,0
0.82653046,1
0.040224373,0
0.964101,1
0.0037793412,0
0.97345334,1
0.065049134,0
0.8892149,1
0.85509986,1
0.900091,1
0.006473689,0
0.9274481,1
0.56496125,1
0.6039069,1
0.78067535,1
0.17370406,1
0.9139093,1
0.99588567,1
0.9558159,1
0.42083088,0
0.4777917,0
0.001091996,0
0.99457103,1
0.99908334,1
0.0034845765,0
0.055282068,0
0.015498096,0
0.0035897116,0
0.009592903,0
0.9956169,1
0.9968376,1
0.029421058,0
0.99686396,1
0.98025054,1
0.76741964,1
0.5703078,1
0.8632952,1
0.9854226,1
0.95443,1
0.99917614,1
0.2698873,0
0.032262433,0
0.16383035,1
0.99729764,1
0.088332616,0
0.9763042,1
0.66525006,1
0.119902745,0
0.9906877,1
0.0022586025,0
0.97488326,1
0.0019413419,0
0.097540714,0
0.7846687,1
0.90058625,1
0.14320499,0
0.0046657845,0
0.61971974,1
0.012383884,0
0.99556863,1
0.97077525,1
0.7157984,1
0.003834301,0
0.988233,1
0.32132143,1
0.013346875,0
0.32838643,0
0.09832253,0
0.92423546,1
0.98629665,1
0.9924098,1
0.99770033,1
0.06649659,0
0.0072009126,0
0.97798175,1
0.12028084,1
0.26813585,0
0.08195006,0
0.118117586,0
0.0034535318,0
0.88045204,1
0.2528965,0
0.13239807,1
0.71698046,0
0.3179971,1
0.04760937,0
0.35128853,1
0.19601393,1
0.5585035,1
0.9803816,1
0.9955963,1
0.3813182,0
0.9645392,1
0.97422945,1
0.98739135,1
0.0013054998,0
0.9637464,1
0.9685706,1
0.9865737,1
0.44717732,0
0.053633858,0
0.075267255,1
0.051396303,0
0.031619795,0
0.007458868,0
0.9079633,1
0.9860733,1
0.118061915,0
0.5293655,0
0.05174266,0
0.23422675,1
0.9499423,1
0.030052409,0
0.004339612,0
0.007828716,0
0.0062563336,0
0.9338685,1
0.0037658266,0
0.5993473,1
0.0006719752,0
0.9976074,1
0.0019766968,0
0.28058127,0
0.0021721646,0
0.0062973844,0
0.17593308,0
0.12776504,0
0.066366546,0
0.947745,1
0.04723943,0
0.9754585,1
0.013711346,0
0.91718084,1
0.86016905,1
0.15012771,0
0.9974288,1
0.2779668,0
0.99778396,1
0.9939268,1
0.0016967237,0
0.08577527,0
0.06404633,0
0.5695558,1
0.985408,1
0.97970027,1
0.9886673,1
0.69458884,0
0.8117086,1
0.978351,0
0.9951302,1
0.99006444,1
0.07141188,0
0.9983137,1
0.021655519,0
0.00096281833,0
0.88401145,1
0.9626976,1
0.23970273,0
0.028351407,0
0.45297638,0
0.99752605,1
0.85756856,1
0.033323802,0
0.05661443,0
0.0031596378,0
0.91409385,1
0.0026882489,0
0.008102689,0
0.06536003,0
0.9661535,1
0.11387507,0
0.1422376,1
0.09848998,0
0.03276612,0
0.5080108,0
0.34509364,0
0.94854546,1
0.9797348,1
0.9950029,1
0.16062774,0
0.97759104,1
0.34166268,0
0.9926346,1
0.9936964,1
0.99769485,1
0.09449378,0
0.07409396,0
0.5302432,0
0.9682314,1
0.008947439,0
0.09839675,0
0.99506265,1
0.9536966,1
0.9919323,1
0.9977978,1
0.9985439,1
0.89869654,0
0.9844352,1
0.7556222,0
0.9659343,1
0.00075752713,0
0.64274603,1
0.4515024,0
0.9983017,1
0.003063331,0
0.98804206,1
0.9792923,1
0.5916874,0
0.9719898,1
0.9989702,1
0.17398903,0
0.018177396,0
0.45098335,0
0.38394532,0
0.0035995939,0
0.28745198,0
0.0045968974,0
0.907035,1
0.983225,1
0.9763524,1
0.039803926,0
0.19096671,0
0.2494699,0
0.002108353,0
0.9565009,1
0.04811428,0
0.0046849763,0
0.43949765,0
0.9960602,1
0.53502464,1
0.98447716,1
0.10289206,0
0.046245642,0
0.7964225,1
0.63425386,1
0.18976282,1
0.030835679,0
0.22269276,0
0.99743545,1
0.011622823,0
0.9841491,0
0.976295,1
0.18587296,1
0.062429674,1
0.17307109,0
0.021901809,0
0.7248976,1
0.009260621,0
0.9869277,1
0.9595928,1
0.8937475,1
0.004480821,0
0.91918004,0
0.9637271,1
0.11734507,0
0.42982072,0
0.0345252,0
0.0992345,0
0.94357985,1
0.9978067,1
0.993049,1
0.04902546,0
0.94242895,1
0.99723446,1
0.3254698,0
0.010584057,0
0.94037074,1
0.935952,1
0.4696223,0
0.9194887,1
0.89818877,1
0.86884844,1
0.99771583,1
0.12938586,0
0.5179996,0
0.9341546,0
0.9967321,1
0.82707596,0
0.114996016,1
0.9513419,1
0.25517657,1
0.9947814,1
0.8761776,1
0.029616818,0
0.98521346,1
0.1744872,0
0.99082726,1
0.17389327,0
0.8188443,0
0.003187508,0
0.30459282,0
0.084412046,0
0.033037946,0
0.050724216,1
0.32242435,0
0.9906372,1
0.8494625,1
0.9942686,1
0.48582107,0
0.22614041,0
0.3389061,1
0.24262556,0
0.00087597955,0
0.99893063,1
0.9098465,0
0.87403524,1
0.046223518,0
0.99275815,1
0.997085,1
0.9739248,1
0.6279034,1
0.9880311,1
0.9919988,1
0.20322856,0
0.8640195,0
0.96186984,1
0.019421047,0
0.7891468,1
0.9987087,1
0.9468315,1
0.9787982,1
0.9523815,1
0.9438235,1
0.72186565,1
0.46850213,1
0.005764814,0
0.024503255,0
0.11680888,0
0.38868776,0
0.07154748,0
0.8898481,1
0.35988593,1
0.90283716,1
0.16795452,1
0.91947967,1
0.10887871,0
0.005076736,0
0.5291011,1
0.99843234,1
0.042329866,0
0.98619556,1
0.12113689,0
0.0034842682,0
0.6348115,1
0.9926054,1
0.11783053,0
0.99901307,1
0.9944975,1
0.98684514,1
0.0406677,0
0.96365136,1
0.9176167,1
0.8512863,0
0.15421255,0
0.0055618775,0
0.20823412,0
0.675867,0
0.98795474,1
0.37591904,0
0.19494478,1
0.835708,1
0.641416,0
0.858631,1
0.29158318,0
0.9842745,1
0.025526837,0
0.99928343,1
0.9897402,1
0.9967348,1
0.13332838,0
0.9909793,1
0.9900702,1
0.8457348,1
0.013893535,0
0.99866474,1
0.999427,1
0.9761776,1
0.030423561,0
0.9794,1
0.99941045,1
0.9407772,1
0.38994652,0
0.9572836,1
0.02093207,0
0.115727544,1
0.7167627,1
0.8726975,1
0.008984261,0
0.10013046,0
0.9966074,1
0.041718706,0
0.09605664,0
0.002704441,0
0.939765,1
0.0055261822,0
0.99962866,1
0.87318975,1
0.9982785,1
0.0054757292,0
0.9794868,1
0.9634961,1
0.01009648,0
0.010243481,0
0.08492761,0
0.82957184,1
0.7055742,1
0.9755602,1
0.9920689,1
0.7150009,1
0.99765366,1
0.3699264,1
0.9910229,1
0.9181713,1
0.99516714,1
0.20743687,0
0.8821478,1
0.016829269,0
0.35949102,1
0.8012217,0
0.9839144,1
0.08620587,0
0.005717107,0
0.23703024,0
0.0697496,0
0.99223536,1
0.8175127,0
0.37817714,0
0.80584127,1
0.3357806,0
0.0058200257,0
0.986277,1
0.23225763,0
0.6098433,1
0.9994944,1
0.9894451,1
0.9676089,1
0.009579691,0
0.020373706,0
0.055010308,0
0.008585157,0
0.9990075,1
0.9956743,1
0.6346577,1
0.8367003,1
0.5183357,0
0.017864736,0
0.9944501,1
0.007701195,0
0.9878084,1
0.006182964,0
0.06493264,0
0.9975026,1
0.9847258,1
0.020571327,0
0.9493308,1
0.01893256,0
0.8176271,1
0.009136211,0
0.9982845,1
0.1601878,0
0.08057836,1
0.73041326,0
0.008140302,0
0.03057212,0
0.99391794,1
0.05071677,0
0.5844322,1
0.15685607,0
0.17283972,0
0.79265577,1
0.013080728,0
0.65225977,1
0.0017437041,0
0.13738012,0
0.98265475,1
0.84332955,1
0.66577613,1
0.9858142,1
0.90546024,1
0.0039696014,0
0.62880695,1
0.16020124,0
0.9613493,0
0.24946341,0
0.18713178,0
0.9985899,1
0.9490179,0
0.0009005444,0
0.9765903,1
0.0029793794,0
0.01586857,0
0.8865212,1
0.88764936,1
0.93767864,1
0.92058945,1
0.24565187,1
0.9957963,1
0.046267122,0
0.013679174,0
0.99856055,1
0.0055502877,0
0.9184972,1
0.9851038,1
0.8263422,1
0.9646045,1
0.972672,1
0.9963702,1
0.81811535,0
0.81277525,1
0.01842737,0
0.99979717,1
0.99399436,1
0.9981605,1
0.04213223,0
0.5289595,1
0.006983125,0
0.050399195,0
0.014586869,0
0.9971533,1
0.48722324,1
0.96881855,1
0.9836553,1
0.99374276,1
0.98808974,1
0.26114416,1
0.45972672,0
0.9332279,1
0.8596212,1
0.012312512,0
0.59190553,0
0.39974988,0
0.17566438,1
0.0022101863,0
0.0073482683,0
0.057195235,0
0.9046381,1
0.33771718,0
0.50109845,1
0.7896304,0
0.8206212,1
0.990626,1
0.047304813,0
0.90671444,0
0.8085772,0
0.64632547,1
0.0053953244,0
0.0050823945,0
0.99737275,1
0.038011145,0
0.99018794,1
0.9882129,1
0.66040194,0
0.1751869,0
0.9957758,1
0.1350165,1
0.024597147,0
0.015760504,0
0.94132024,1
0.1669508,0
0.9728966,1
0.80989,1
0.28275788,0
0.999382,1
0.9966299,1
0.94612724,1
0.05063793,0
0.72959715,1
0.042639405,0
0.8591851,1
0.024309648,0
0.7659421,1
0.27417833,0
0.51496476,0
0.6448322,0
0.1800054,1
0.110983334,0
0.14771923,0
0.026260337,0
0.102877066,0
0.9789368,1
0.881565,1
0.9968442,1
0.9836143,1
0.19127403,0
0.30061552,0
0.9238518,1
0.998247,1
0.42767644,0
0.006436461,0
0.9968473,1
0.004896434,0
0.81475294,1
0.97761154,1
0.97116506,1
0.46271652,0
0.0021720973,0
0.4911441,0
0.0032727462,0
0.99735653,1
0.6216507,1
0.0047776476,0
0.8237171,1
0.036113176,0
0.6751097,1
0.2558384,0
0.8796946,1
0.9987143,1
0.99768364,1
0.9923704,1
0.9560236,0
0.023876876,0
0.99767864,1
0.99107754,1
0.99855506,1
0.1426464,0
0.8158806,1
0.83402634,1
0.68324274,1
0.9985858,1
0.010297627,0
0.07738434,0
0.8812963,1
0.9480842,1
0.4107694,0
0.99695605,1
0.015442993,0
0.017148944,0
0.10593085,0
0.24442855,0
0.98211443,1
0.5243448,1
0.9975976,1
0.9983053,1
0.012634,0
0.94832957,1
0.99705017,1
0.0140941795,0
0.55273503,1
0.078243494,0
0.017175268,0
0.37346447,1
0.39275494,0
0.9987547,1
0.2012809,1
0.97142524,1
0.99456805,1
0.0025416648,0
0.8124321,1
0.89323413,1
0.998597,1
0.6733415,0
0.99195194,1
0.99107015,1
0.047703132,0
0.036492854,0
0.9829442,1
0.9308249,1
0.21058062,0
0.005552984,0
0.33718386,0
0.87927896,0
0.14425398,0
0.6493114,1
0.06309504,0
0.98903286,1
0.34969908,1
0.074501194,0
0.031697504,1
0.9885694,1
0.5919233,1
0.95763093,1
0.37338912,0
0.94120204,1
0.7775429,1
0.007163453,0
0.0020566874,0
0.9995354,1
0.18941562,0
0.0052989963,0
0.9978894,1
0.9900934,1
0.9584473,1
0.015975574,0
0.9931507,1
0.011027702,0
0.62463164,1
0.83486164,1
0.99466115,1
0.5458713,0
0.998744,1
0.7098512,1
0.247762,0
0.009711342,0
0.15419184,0
0.0026512118,0
0.15594287,1
0.07951081,0
0.004534635,0
0.07332979,0
0.95711887,0
0.6940539,1
0.9975333,1
0.18442003,0
0.89093196,1
0.659439,0
0.12355056,0
0.99978036,1
0.26114604,0
0.98799103,1
0.978144,1
0.03787,0
0.9890083,1
0.9994949,1
0.7221769,1
0.027001018,0
0.0024884606,0
0.104131564,0
0.07329972,0
0.99499655,1
0.17570518,0
0.025498267,0
0.11097194,1
0.0036234031,0
0.94866735,1
0.95842725,1
0.81820357,1
0.96390474,1
0.07806861,0
0.99886304,1
0.9882882,1
0.54039246,1
0.9962889,1
0.99429786,1
0.99739015,1
0.027769182,0
0.4414707,0
0.58976054,0
0.0018986126,0
0.5009591,0
0.8564617,1
0.9914254,1
0.4670908,0
0.01193472,0
0.12270723,0
0.03716828,0
0.98361576,1
0.06992376,0
0.961314,1
0.9986335,1
0.0017777451,0
0.7019583,1
0.7932599,0
0.9983765,1
0.9986987,1
0.26726136,0
0.010246473,0
0.06337857,0
0.98631775,1
0.015201643,0
0.9129478,0
0.48086682,1
0.012686983,0
0.9771739,1
0.008581051,0
0.9987887,1
0.021574248,0
0.04631145,0
0.9985479,1
0.9887489,1
0.0038672485,0
0.96372473,1
0.009689181,0
0.20713572,0
0.03898379,0
0.98833066,1
0.98338175,1
0.54914844,1
0.992799,1
0.33366564,0
0.9162859,1
0.7527516,0
0.18706098,0
0.99803907,1
0.6938948,1
0.98347235,1
0.23391685,1
0.01137018,0
0.9085084,0
0.99509037,1
0.74747,1
0.99658966,1
0.004432618,0
0.1386817,0
0.013559839,0
0.23653965,0
0.99937046,1
0.024956929,0
0.96359795,1
0.69506496,1
0.008331869,0
0.8397622,1
0.015405056,0
0.92236865,1
0.8802555,1
0.44056398,1
0.98123324,1
0.3186968,0
0.9483101,1
0.6771468,1
0.93649065,1
0.11480044,0
0.078931764,0
0.88948125,1
0.011383062,0
0.5505878,0
0.04530809,0
0.99268234,1
0.27832562,0
0.90280706,1
0.9950305,1
0.99564946,1
0.002183506,0
0.70931566,0
0.8205457,1
0.9960283,1
0.8924383,1
0.99743956,1
0.051508337,0
0.97632563,1
0.8450548,1
0.008566026,0
0.78820616,1
0.005526423,0
0.8464073,1
0.076690525,0
0.9521624,1
0.10619233,0
0.310342,1
0.010949028,0
0.004915441,0
0.96563184,1
0.74687254,0
0.40070406,0
0.9054224,0
0.99814844,1
0.304137,0
0.12997913,1
0.7387935,0
0.9636768,1
0.9991584,1
0.97274005,1
0.37387323,1
0.9921428,1
0.9444542,1
0.85329705,0
0.0788404,0
0.94867766,1
0.22577612,1
0.83612645,1
0.5481475,1
0.99884903,1
0.99587405,1
0.8536765,1
0.009064447,0
0.9564331,1
0.975867,1
0.032311626,0
0.65777653,1
0.008862874,0
0.017115517,0
0.018277677,0
0.9041216,1
0.99913156,1
0.024203887,0
0.4803709,0
0.0697243,0
0.8973672,1
0.99638593,1
0.3313508,1
0.99540776,1
0.010720568,0
0.39765015,0
0.049763978,0
0.66198665,0
0.99762785,1
0.92272264,1
0.30185077,1
0.8970373,1
0.8829179,1
0.46010584,0
0.7917057,0
0.8896574,1
0.4924427,0
0.99956876,1
0.013651435,0
0.9961151,1
0.99121296,1
0.51342386,0
0.004639302,0
0.08784344,0
0.0011791583,0
0.98364323,1
0.9988824,1
0.37918633,1
0.2765385,0
0.00072725053,0
0.51994735,1
0.9556204,1
0.5627562,0
0.8409141,1
0.24307457,1
0.7986473,1
0.97933257,1
0.008320935,0
0.9614843,1
0.55618477,0
0.0143145565,0
0.013524614,0
0.9705187,1
0.9799239,1
0.9823632,1
0.86898553,1
0.4603414,0
0.00050305284,0
0.9432367,1
0.9952713,1
0.38374713,1
0.009261488,0
0.98715556,1
0.89527166,1
0.0069300653,0
0.99610966,1
0.84919566,1
0.000702713,0
0.99284524,1
0.5532952,1
0.99496806,1
0.9071821,1
0.13698474,0
0.017093072,0
0.9747733,1
0.94766873,1
0.08788389,0
0.005058868,0
0.00093495764,0
0.21181238,0
0.0102832485,0
0.012956934,0
0.012992656,0
0.98017013,1
0.60112244,1
0.99802285,1
0.8950082,1
0.01617912,0
0.9433109,1
0.0362747,0
0.9861158,1
0.058852166,0
0.17468566,0
0.9990443,1
0.042055327,0
0.015450476,0
0.5892643,1
0.84637433,0
0.014073985,0
0.006504147,0
0.995777,1
0.90893286,1
0.08777183,0
0.10725923,0
0.94176084,1
0.9826544,1
0.07730279,0
0.0379205,0
0.41493243,0
0.9658095,1
0.79507524,0
0.9902651,1
0.9896406,1
0.9854267,1
0.06634233,0
0.52220225,1
0.8759979,1
0.22813094,0
0.99288785,1
0.833825,1
0.99238604,0
0.0038917935,0
0.8656801,1
0.01969867,0
0.80162346,1
0.96642303,1
0.8461911,1
0.47119623,1
0.9724938,1
0.89100283,1
0.33453456,1
0.2839057,1
0.0320615,0
0.073786914,0
0.9739353,1
0.9992775,1
0.0056020166,0
0.98251027,1
0.026396926,0
0.3654558,0
0.7867264,0
0.07287622,0
0.20383087,0
0.9892553,1
0.741611,1
0.9719593,1
0.9964787,1
0.99176705,1
0.7701479,1
0.1620325,0
0.8349501,1
0.0035514676,0
0.9243425,1
0.0027464204,0
0.19941492,0
0.0073414505,0
0.7615465,0
0.9913813,1
0.0015417426,0
0.9597317,1
0.649685,0
0.06876787,0
0.56755793,0
0.99647486,1
0.0653251,0
0.69694436,1
0.0027399815,0
0.88933456,1
0.0063068033,0
0.7979203,1
0.14271754,0
0.5354533,0
0.8350496,1
0.1450343,0
0.8551917,1
0.23178855,0
0.5818455,1
0.99841005,1
0.39140487,0
0.8697151,1
0.9946879,1
0.9987896,1
0.011862658,0
0.22216234,1
0.625895,1
0.3277747,0
0.003491257,0
0.90269184,1
0.92438334,1
0.9580022,1
0.5330598,1
0.034100913,0
0.100849375,0
0.99919164,1
0.0076858336,0
0.999077,1
0.0034478647,0
0.9984864,1
0.022290913,0
0.25462446,0
0.1065606,0
0.4765297,0
0.9978434,1
0.38442412,0
0.30923387,0
0.06579076,0
0.48618096,1
0.019467873,0
0.0021056603,0
0.21566913,0
0.1442543,0
0.9961666,1
0.9030716,0
0.9935101,1
0.04270846,0
0.08076371,0
0.0051819,0
0.30826357,1
0.038808648,0
0.12852092,0
0.37249178,0
0.3895714,0
0.11848094,0
0.31630874,0
0.51297426,0
0.004478771,0
0.8768333,1
0.028579291,0
0.9729754,1
0.97773504,1
0.008287682,0
0.0034030683,0
0.04123194,0
0.96303403,1
0.6553651,1
0.7084011,1
0.91758806,1
0.065070346,0
0.7908246,1
0.20489208,0
0.9929387,1
0.8924422,0
0.0026691114,0
0.09055585,0
0.80704606,1
0.98966426,1
0.6388078,0
0.20020607,0
0.50813395,1
0.9966763,1
0.9861655,1
0.619282,0
0.2668861,0
0.0033420795,0
0.98912203,1
0.9379269,1
0.6981663,1
0.077727735,0
0.0155005185,0
0.9356612,1
0.014776984,0
0.12390248,0
0.97379524,1
0.4511087,0
0.4883136,0
0.14064537,0
0.9706832,0
0.81680954,1
0.017810136,0
0.9954568,1
0.98843557,1
0.9994993,1
0.09199796,0
0.99729216,1
0.2477138,1
0.98365927,1
0.35752976,0
0.9827776,1
0.8690046,1
0.98956215,1
0.97448176,1
0.009130399,0
0.12151407,0
0.03293873,0
0.044348933,0
0.9807041,1
0.011322974,0
0.9847511,1
0.9595362,1
0.96233404,1
0.035460383,0
0.99923915,1
0.004987395,0
0.0021590455,0
0.9992882,1
0.0015857946,0
0.98466253,1
0.040052988,0
0.94021463,1
0.019057887,0
0.004879692,0
0.31890783,1
0.26630327,1
0.99007845,1
0.7675048,0
0.2343345,0
0.012380519,0
0.1656222,0
0.00197768,0
0.80395424,1
0.5530482,0
0.041119166,0
0.73395556,1
0.16779889,0
0.09394197,0
0.184107,0
0.5898616,1
0.862027,1
0.98515785,1
0.010620791,0
0.98785955,1
0.01920499,0
0.8884514,0
0.034558635,1
0.7951674,1
0.009459697,0
0.9959162,1
0.015378548,0
0.002143334,0
0.033502176,0
0.9610504,1
0.60611725,0
0.8437478,1
0.021703022,1
0.002816826,0
0.08401758,0
0.99147356,1
0.004380348,0
0.99912775,1
0.9914486,1
0.10342105,0
0.1757798,1
0.0061654528,0
0.9018364,1
0.99565923,1
0.59751725,1
0.2918425,0
0.99830043,1
0.66312814,1
0.9106232,1
0.0059670927,0
0.0049091196,0
0.0667331,0
0.4031853,0
0.14855619,0
0.023589693,0
0.0031303014,0
0.99808633,1
0.96066684,1
0.82377183,1
0.9954516,1
0.0035579149,0
0.8804644,1
0.015493098,0
0.9395336,1
0.96060485,1
0.046028323,0
0.99282664,1
0.9982632,1
0.99820626,1
0.08949611,0
0.9657761,1
0.18458176,0
0.4178844,1
0.847448,1
0.81761044,1
0.9990575,1
0.99696624,1
0.044913966,0
0.99960005,1
0.99473155,1
0.9591013,1
0.009835599,0
0.9766599,1
0.044214316,0
0.18818603,1
0.9917,1
0.037368864,0
0.99804497,1
0.9956788,1
0.92074776,0
0.9716339,1
0.0066117966,0
0.9989794,1
0.9221164,1
0.80019253,1
0.94461024,1
0.041461136,0
0.89087695,1
0.06914797,0
0.16404021,0
0.23741809,0
0.036636904,0
0.9766885,1
0.97129554,1
0.9952998,1
0.92050636,1
0.053210944,0
0.028927397,0
0.3760959,0
0.9955537,1
0.99797887,1
0.89507884,1
0.04893489,0
0.8879422,1
0.91360223,1
0.97998637,1
0.02425714,0
0.82255805,1
0.0028390924,0
0.9268301,1
0.6739131,1
0.9559164,1
0.9635779,1
0.99894744,1
0.25564918,0
0.62423337,1
0.007959024,0
0.03556392,0
0.4005077,1
0.83055574,1
0.84903926,0
0.9718749,1
0.17727087,0
0.43541908,0
0.9710862,1
0.0019088208,0
0.2914744,0
0.8854383,1
0.9948595,1
0.88838613,1
0.9953004,1
0.98282176,1
0.9950777,1
0.9980652,1
0.025539959,0
0.99881554,1
0.10227336,0
0.9725175,1
0.09794771,1
0.9498273,0
0.10334475,0
0.9969017,1
0.8823446,1
0.03975237,0
0.09552479,0
0.6064662,1
0.22893104,1
0.04318231,0
0.9657887,1
0.8770935,1
0.01810062,0
0.002266674,0
0.49222094,1
0.011793121,0
0.9879015,1
0.10955808,1
0.9920848,1
0.98998946,1
0.12900855,0
0.99659604,1
0.95799035,1
0.8813583,1
0.9705264,0
0.9748038,1
0.97890645,1
0.95214623,0
0.9137292,1
0.008505024,0
0.13694836,0
0.7942694,1
0.43055797,0
0.87205136,1
0.9686543,1
0.9464679,1
0.8508736,0
0.9553056,1
0.076151215,0
0.9877819,1
0.9844462,1
0.9987806,1
0.98788846,1
0.80694264,1
0.6045993,0
0.9975588,1
0.10140069,0
0.96200955,1
0.31904086,1
0.7999091,0
0.99646056,1
0.8703623,1
0.028788785,0
0.012216382,0
0.9844526,1
0.0045281136,0
0.9482826,1
0.98089325,1
0.007542835,0
0.9705039,1
0.95770895,1
0.97662914,1
0.6097493,1
0.01329619,0
0.021768302,0
0.98839045,1
0.8189055,1
0.06330514,1
0.006367564,0
0.9924618,1
0.8214815,1
0.8292098,1
0.023919398,0
0.9739262,1
0.40892678,0
0.9953542,1
0.8752173,1
0.03147754,0
0.6056758,0
0.9921754,1
0.98174876,1
0.49737662,0
0.8070642,1
0.06499902,0
0.09687107,0
0.007084038,0
0.040470224,0
0.93553704,1
0.9947313,1
0.007510219,0
0.98357165,1
0.08831966,0
0.59280735,1
0.9962162,1
0.3022817,0
0.090789124,0
0.0022185852,0
0.98530066,1
0.9741371,1
0.99230015,1
0.030935984,0
0.87678754,1
0.32189295,0
0.6765573,0
0.09504036,0
0.009927871,0
0.8497275,0
0.012117995,0
0.098579034,1
0.997931,1
0.22185028,1
0.9947537,1
0.49540702,0
0.22148459,0
0.08686577,0
0.25684583,0
0.8688321,1
0.009010281,0
0.82401955,1
0.9980033,1
0.9167837,1
0.52736,1
0.6678397,1
0.16145551,0
0.9921417,1
0.29043302,0
0.97965115,1
0.008619422,0
0.4076728,0
0.0077423668,0
0.97766864,1
0.020492803,0
0.98714894,1
0.004882224,0
0.016351966,0
0.11830473,0
0.99746627,1
0.012097484,0
0.04710024,0
0.7468907,1
0.7379829,1
0.89247006,1
0.9971086,1
0.09101332,0
0.9955214,1
0.95497596,1
0.5987524,1
0.023269892,0
0.9959143,1
0.12042086,0
0.42864555,1
0.0011798661,0
0.9994357,1
0.885857,1
0.015770772,0
0.010708251,0
0.9991485,1
0.04591495,0
0.88848084,1
0.024686534,0
0.02433289,0
0.19875757,1
0.96214783,1
0.18313505,1
0.99337023,1
0.5886572,0
0.99594325,1
0.98955137,1
0.98828965,1
0.021268167,0
0.99827754,1
0.006384266,0
0.096738085,0
0.8312448,1
0.9924615,1
0.5721785,1
0.71282583,0
0.9483288,1
0.48225346,0
0.0060029016,0
0.9976826,1
0.0078748325,0
0.009892915,0
0.97708595,1
0.9620509,1
0.088003814,0
0.9575726,1
0.9972116,1
0.9940871,1
0.536323,1
0.9981108,1
0.9820136,1
0.9928115,1
0.0054639573,0
0.99170125,1
0.98760164,1
0.993384,1
0.7797644,1
0.001532928,0
0.9320607,1
0.9951459,1
0.9953159,1
0.9984131,1
0.07834906,1
0.004125857,0
0.9958717,1
0.9763015,1
0.9828116,1
0.99007845,1
0.85791457,1
0.9935211,1
0.0032700594,0
0.85543776,1
0.8754719,1
0.9969619,1
0.0014776222,0
0.8652395,1
0.0017110214,0
0.9657073,1
0.9792484,1
0.88199615,1
0.00087933225,0
0.9993208,1
0.98701316,1
0.98929834,1
0.7529931,1
0.011910576,0
0.39209718,0
0.56274664,1
0.72819537,0
0.07845551,0
0.013180047,0
0.011880552,0
0.3445498,0
0.8900424,1
0.38311243,0
0.98851377,1
0.79683167,1
0.86619294,1
0.3505594,0
0.86116827,1
0.99749553,1
0.101321384,0
0.9992746,1
0.34070483,1
0.9843086,1
0.9475562,0
0.07303342,0
0.99830997,1
0.009752807,0
0.9892001,1
0.9986987,1
0.9461278,1
0.9991735,1
0.9905394,1
0.047067117,0
0.03398005,0
0.9861994,1
0.44821495,1
0.13313621,0
0.9925701,1
0.7979738,1
0.76126724,1
0.2855479,0
0.46043628,0
0.02055335,0
0.98752415,1
0.95807016,1
0.026715105,0
0.019871904,0
0.5649113,1
0.0040103733,0
0.19329707,0
0.4379281,1
0.9335362,1
0.9651967,1
0.0012895648,0
0.5402435,1
0.06994038,0
0.1008237,0
0.2923507,1
0.78009164,1
0.030818304,1
0.58702934,1
0.055622905,0
0.41774815,1
0.86653453,1
0.9997905,1
0.39914626,0
0.99722785,1
0.39387235,0
0.9941527,1
0.30090472,1
0.42553607,0
0.11203476,1
0.18489367,0
0.8988697,1
0.007683509,0
0.29631165,0
0.925166,1
0.00594956,0
0.1621798,1
0.91142905,1
0.8898274,0
0.9768964,1
0.16349247,1
0.5943412,1
0.0026001118,0
0.011499636,0
0.9956458,1
0.0027159217,0
0.15826392,0
0.010474981,0
0.99757165,1
0.9936819,1
0.99087274,1
0.99473476,1
0.7996788,0
0.04072135,0
0.88495314,1
0.91687316,1
0.9317399,1
0.9990066,1
0.5295975,1
0.9640498,1
0.1052165,0
0.9982999,1
0.0033006507,0
0.92592317,1
0.6634323,1
0.05006326,0
0.971975,1
0.1259458,0
0.005164753,0
0.20001931,0
0.8761555,1
0.06795501,0
0.7849734,1
0.9980501,1
0.43671983,1
0.9800199,1
0.0025222842,0
0.9834878,1
0.5448698,1
0.0410068,0
0.00483065,0
0.99403685,1
0.004545365,0
0.14316748,0
0.2007323,1
0.6227865,0
0.15152517,0
0.00849932,0
0.8029032,1
0.9586307,1
0.9926921,1
0.02082063,0
0.2863456,1
0.002560983,0
0.0011105832,0
0.9970237,1
0.9899958,1
0.99489725,1
0.8140944,1
0.031072205,0
0.9982336,1
0.035666373,0
0.96953565,1
0.10227034,0
0.0025175847,0
0.052883886,0
0.0019936734,0
0.93801653,1
0.009834424,0
0.9872948,1
0.99426305,1
0.04242733,0
0.10762471,0
0.101553656,0
0.9986126,1
0.9740879,1
0.04809592,0
0.6602518,0
0.8780252,0
0.9516795,1
0.96935654,1
0.8218857,1
0.9906784,1
0.0027483315,0
0.5912004,0
0.9371136,1
0.73336196,0
0.69598293,0
0.99472505,1
0.7978988,1
0.28045735,0
0.4539284,1
0.9387125,1
0.036270935,0
0.9954041,1
0.8045212,1
0.15554552,0
0.99933994,1
0.06968681,0
0.08353569,0
0.10008328,0
0.6152783,0
0.0014056037,0
0.9359642,0
0.90665406,1
0.8933299,1
0.019408034,0
0.99500734,1
0.36111557,1
0.005468092,0
0.72077197,0
0.0071981787,0
0.076582104,0
0.73136824,1
0.1744353,0
0.8840734,1
0.5563125,0
0.9963959,1
0.98575145,1
0.95958537,1
0.022096498,0
0.4061497,0
0.023573156,0
0.04344771,0
0.8023939,1
0.13165224,0
0.0032693446,0
0.38274512,1
0.02287532,0
0.030806337,0
0.2519537,1
0.9951232,1
0.91682446,1
0.9672302,1
0.97222936,1
0.0018409351,0
0.9043821,1
0.9909323,1
0.9770559,1
0.9916482,1
0.19487588,0
0.012337082,0
0.0013093381,0
0.97913945,1
0.34675407,0
0.5069202,1
0.022629479,0
0.2713638,0
0.99552524,1
0.018889321,0
0.002396065,0
0.9982424,1
0.5169652,0
0.8873432,1
0.24412322,0
0.9957883,1
0.13093866,0
0.9974793,1
0.057782084,1
0.9983884,1
0.9801728,1
0.65485793,1
0.9306305,1
0.042786002,0
0.6197104,1
0.99264526,1
0.7129346,1
0.059490748,0
0.84674007,0
0.025649782,0
0.8566936,1
0.87631357,1
0.84961444,1
0.99646294,1
0.91566294,1
0.006056411,0
0.96050584,1
0.37217695,0
0.014370741,0
0.012748045,0
0.0036631064,0
0.84106505,0
0.95539296,1
0.9301241,1
0.85494405,1
0.09581524,0
0.7214319,1
0.9887463,1
0.07569845,0
0.99771214,1
0.1134728,0
0.99852496,1
0.04207191,0
0.97556514,1
0.9834396,1
0.9115483,1
0.0020699105,0
0.05051136,0
0.07581859,0
0.9034172,1
0.032760072,0
0.004855507,0
0.22704057,1
0.9259244,0
0.0016127542,0
0.09501992,0
0.9932152,1
0.97963345,1
0.98203766,1
0.996575,1
0.98828137,1
0.007303822,0
0.0070439465,0
0.31534454,1
0.0068138978,0
0.1384148,0
0.113674805,0
0.9949562,1
0.033249408,0
0.99675906,1
0.10008357,0
0.13832845,1
0.9163634,1
0.98837364,1
0.43122616,0
0.24883163,0
0.95234185,1
0.99515593,1
0.88870794,1
0.31779408,0
0.98863906,1
0.0016441278,0
0.9308774,1
0.9926685,1
0.90870726,1
0.035191048,0
0.85277635,1
0.2868532,1
0.0044831974,0
0.9520028,1
0.9976691,1
0.5570093,1
0.99830544,1
0.033022214,0
0.9671583,1
0.9415925,1
0.6973199,1
0.01579071,0
0.0100600915,0
0.39436102,0
0.95734006,1
0.0007294411,0
0.8150221,1
0.98322946,1
0.07308772,0
0.47580546,0
0.05331574,0
0.91819936,0
0.51876634,1
0.7746297,0
0.19376734,0
0.9987319,1
0.34569556,0
0.07612642,0
0.99058086,1
0.10089841,0
0.99636763,1
0.99282104,1
0.0010268736,0
0.99735564,1
0.96513283,1
0.9876493,1
0.017834133,0
0.9823376,1
0.97473323,1
0.97753763,1
0.10521443,0
0.90421903,1
0.00256805,0
0.78047746,1
0.005838173,0
0.9338282,1
0.8434456,1
0.99030316,1
0.0046353885,0
0.99442863,1
0.9329891,1
0.00042669772,0
0.99090755,1
0.13348806,0
0.021376165,0
0.026497891,0
0.544203,0
0.92580634,1
0.9730247,1
0.40612277,0
0.85158193,0
0.6919257,0
0.86855114,0
0.18407206,1
0.005169884,0
0.0015386473,0
0.02741161,0
0.99973315,1
0.9141351,1
0.94313014,1
0.034955494,0
0.008681068,0
0.9827611,1
0.9575302,1
0.95358646,1
0.022232221,0
0.9982044,1
0.7818424,1
0.020936161,0
0.006177347,0
0.9667436,1
0.99712723,1
0.68882,0
0.8115529,1
0.81773174,1
0.989081,1
0.2302607,0
0.96416235,1
0.0031193115,0
0.8581128,1
0.95992917,1
0.027728299,0
0.75577885,0
0.07333697,0
0.11180462,0
0.16245979,0
0.004192844,0
0.34863514,0
0.005910744,0
0.9492575,1
0.99190444,1
0.88916475,1
0.99126655,1
0.67475456,1
0.061958294,0
0.9394908,1
0.0018053118,0
0.99498045,1
0.9042679,1
0.023577219,0
0.92104113,1
0.84835786,0
0.9890555,1
0.084961355,0
0.0060141594,0
0.111818984,0
0.99773645,1
0.43910438,1
0.99417573,1
0.9726421,1
0.8292969,1
0.9697771,1
0.975623,1
0.998831,1
0.9939553,1
0.9875926,1
0.058132313,0
0.022186438,0
0.34398356,0
0.9405373,1
0.27804488,0
0.8460997,1
0.8308727,1
0.0031217914,0
0.6693191,1
0.0074619823,0
0.00774244,0
0.31814107,0
0.9941514,1
0.9125683,1
0.8942897,1
0.23621014,1
0.98739386,1
0.99929893,1
0.23958507,0
0.9877299,1
0.99646175,1
0.98706657,1
0.7932772,0
0.0015471316,0
0.9993313,1
0.0059218383,0
0.99654853,1
0.20008639,0
0.9748939,1
0.9499094,1
0.052327327,0
0.988778,1
0.67262405,0
0.08913909,0
0.038571596,0
0.9651569,0
0.07333045,0
0.05233816,0
0.99645483,1
0.95757973,1
0.92333305,1
0.9712766,1
0.09776163,0
0.76267475,1
0.8689782,1
0.8587756,1
0.99578536,1
0.95793235,1
0.9956462,1
0.9717611,1
0.8196939,1
0.52439535,0
0.028535154,0
0.65660304,1
0.002868934,0
0.11085067,0
0.55997664,1
0.9210169,1
0.7836956,1
0.82176363,1
0.92145264,1
0.004753142,0
0.9906324,1
0.99127215,1
0.7608435,0
0.05369656,0
0.18814243,0
0.9933276,1
0.14988405,0
0.7941575,1
0.994405,1
0.9877979,1
0.01904098,0
0.06365131,0
0.996352,1
0.9860042,1
0.9707227,1
0.009804821,0
0.9688468,1
0.99487877,1
0.015536731,0
0.99553525,1
0.20764287,0
0.99925435,1
0.9956579,1
0.97849953,1
0.86779785,1
0.99373233,1
0.99943477,1
0.994681,1
0.8959279,1
0.8178686,1
0.05698634,0
0.0012414355,0
0.010266339,0
0.01109702,0
0.80101097,1
0.94809073,1
0.8893164,1
0.99885356,1
0.9197918,0
0.98919094,1
0.9536911,1
0.75621223,1
0.3564124,1
0.936839,1
0.9988624,1
0.984537,1
0.0020822464,0
0.002832733,0
0.99693376,1
0.021159958,0
0.8540882,1
0.22130588,1
0.0024614797,0
0.9937458,1
0.6182879,0
0.0012075998,0
0.9836694,1
0.9973153,1
0.5082803,1
0.99697113,1
0.99084675,1
0.009265908,0
0.9966974,1
0.8747568,1
0.26506963,1
0.96718276,1
0.8437678,1
0.57782865,1
0.2771174,1
0.15488563,0
0.0075758756,0
0.100386284,0
0.010639177,0
0.016395995,0
0.99622744,1
0.9851805,1
0.029044006,0
0.008917383,0
0.6815154,0
0.9739329,1
0.006619267,0
0.003036188,0
0.87690866,1
0.91026413,1
0.91663253,1
0.9857465,1
0.89189494,1
0.5081013,0
0.39151448,0
0.22563453,0
0.8991351,1
0.21105632,1
0.9933535,1
0.8973136,1
0.996805,1
0.04173823,0
0.9920284,1
0.35842568,1
0.13170011,1
0.0073294127,0
0.0034745734,0
0.99505013,1
0.9242762,1
0.99802816,1
0.98663867,1
0.0014733977,0
0.15749112,0
0.54959387,0
0.59858143,1
0.99246216,1
0.8498537,1
0.942469,1
0.076316155,0
0.5379469,0
0.9936179,1
0.99194795,1
0.14923948,1
0.034866955,0
0.87086517,1
0.72155535,0
0.00948579,0
0.98752594,0
0.8223931,1
0.109876,1
0.9954437,1
0.9973405,1
0.99845934,1
0.9945919,1
0.49603695,1
0.021751164,1
0.21887474,0
0.0036274665,0
0.49161786,1
0.044596124,0
0.9560625,1
0.39988783,1
0.03562293,0
0.006814747,0
0.7882708,1
0.8530632,1
0.9814647,1
0.78601223,0
0.9883725,1
0.9915675,1
0.9816845,1
0.9747059,1
0.886788,1
0.039510686,0
0.9929331,1
0.9684553,1
0.99484175,1
0.9929924,1
0.93165666,1
0.091873504,0
0.014338231,0
0.1073483,0
0.13355894,0
0.035632502,0
0.002302499,0
0.03028209,1
0.99466264,1
0.84748685,0
0.99973595,1
0.9886079,1
0.92950094,1
0.0009936028,0
0.20243773,1
0.7437829,1
0.9665657,1
0.8197799,1
0.094403274,0
0.9927782,1
0.28300104,1
0.93287706,1
0.0009571845,0
0.9915346,1
0.004551315,0
0.3303098,0
0.035869192,0
0.0111475615,0
0.9950048,1
0.8705242,1
0.99831593,1
0.83965766,1
0.0064956015,0
0.9947399,1
0.99260473,1
0.99433213,1
0.2367229,0
0.85669154,1
0.9503328,1
0.9674269,1
0.10756979,0
0.0045870566,0
0.97586787,1
0.98653686,1
0.28847018,0
0.9744813,1
0.9904398,1
0.99690133,1
0.28183562,1
0.006415316,0
0.0031794007,0
0.7584182,1
0.54153866,0
0.85986394,1
0.99242985,1
0.74854875,1
0.97379714,1
0.26381537,1
0.98999137,1
0.9673254,1
0.013234762,0
0.02930738,0
0.49398762,0
0.0095250895,0
0.7260762,0
0.9984768,1
0.9988872,1
0.98064214,1
0.9072897,1
0.99753225,1
0.6000386,0
0.6940799,0
0.9884969,1
0.82992953,1
0.008531438,0
0.9976591,1
0.0107831685,0
0.98451596,1
0.11522959,0
0.0034921016,0
0.59479135,1
0.98915327,1
0.0068556042,0
0.015727503,0
0.5061369,1
0.16294913,1
0.93309623,1
0.6675809,0
0.97784406,1
0.5508984,1
0.95254433,1
0.0025328116,0
0.06690648,0
0.008413733,0
0.0047773733,0
0.72423774,0
0.026056439,0
0.0044532665,0
0.05529983,0
0.9989008,1
0.009330649,0
0.078211844,1
0.022887062,0
0.17028385,0
0.19238745,0
0.084036425,1
0.06555709,0
0.27531534,0
0.025672633,0
0.49224895,0
0.18336914,0
0.9946207,1
0.7139389,1
0.9940464,1
0.82561886,1
0.9772824,1
0.04516617,0
0.79591304,0
0.00083163317,0
0.0097929435,0
0.009136268,0
